{"cameraMode":{"drawMode":0,"name":"Shaded","section":"Shading Mode"},"sceneLighting":false,"audioPlay":false,"sceneViewState":{"showFog":false,"showMaterialUpdate":false,"showSkybox":false,"showFlares":false,"showImageEffects":false,"showParticleSystems":false},"in2DMode":false,"pivot":{"x":0.10697086155414581,"y":1.8397905826568604,"z":-9.629758834838868},"rotation":{"x":-0.2072838693857193,"y":-0.011155480518937111,"z":0.002364004496484995,"w":-0.9782251715660095},"size":5.445234775543213,"orthographic":false}